clusterId,nRows,share
0,148,0.30833333333333335
1,275,0.5729166666666666
2,57,0.11875
