clusterIdPrev,0,1,2
0,0.7883211678832117,0.13138686131386862,0.08029197080291971
1,0.06274509803921569,0.9372549019607843,0.0
2,0.17857142857142858,0.0,0.8214285714285714
